School_Name,ODE_Institution_ID,Charter,Site_Address_Line1,Site_City,Site_State,Site_Zipcode,District_Name,District_Institution_ID,County_Name,County_FIPS_Code,Longitude,Latitude,Total_Enrollment,Total_AmIndian,Percent_AmIndian,Total_Asian,Percent_Asian,Total_HawaiiPI,Percent_HawaiiPI,Total_Black,Percent_Black,Total_Latino,Percent_Latino,Total_White,Percent_White,Total_MultiRacial,Percent_MultiRacial,Total_Blk_Latino,Perc_Blk_Lat,Seg,pop_proport,Seg_proport,SCI
Aloha-Huber Park School,1153,NonCharter,5000 SW 173rd St,Beaverton,OR,97078,Beaverton SD 48J,2243,WASHINGTON,67,-122.8538306,45.4837097,887.00,4.00,0.00,64.00,0.07,8.00,0.01,56.00,0.06,525.00,0.59,193.00,0.22,37.00,0.04171,581.00,0.66,0.042,1.850625916,0.103741167,0.191986091
Arco Iris Spanish Immersion School,4805,Charter,13600 SW Allen Blvd,Beaverton,OR,97005,Beaverton SD 48J,2243,WASHINGTON,67,-122.8185452,45.47608945,393.00,3.00,0.01,9.00,0.02,0.00,0.00,5.00,0.01,184.00,0.47,155.00,0.39,37.00,0.09415,189.00,0.48,0.009,0.819950378,0.023188885,0.019013735
Barnes Elementary School,1154,NonCharter,13730 SW Walker Rd,Beaverton,OR,97005,Beaverton SD 48J,2243,WASHINGTON,67,-122.8184932,45.50622363,478.00,0.00,0.00,11.00,0.02,5.00,0.01,18.00,0.04,320.00,0.67,105.00,0.22,19.00,0.03975,338.00,0.71,0.026,0.997293335,0.064194654,0.064020901
Beaver Acres Elementary School,1155,NonCharter,2125 SW 170th Ave,Beaverton,OR,97003,Beaverton SD 48J,2243,WASHINGTON,67,-122.8528089,45.50446535,755.00,2.00,0.00,107.00,0.14,18.00,0.02,51.00,0.07,274.00,0.36,240.00,0.32,63.00,0.08344,325.00,0.43,0.013,1.575222736,0.031869159,0.050201023
Bethany Elementary School,1156,NonCharter,3305 NW 174th Ave,Beaverton,OR,97006,Beaverton SD 48J,2243,WASHINGTON,67,-122.8579953,45.54316227,429.00,0.00,0.00,96.00,0.22,3.00,0.01,8.00,0.02,55.00,0.13,222.00,0.52,45.00,0.1049,63.00,0.15,0.009,0.895060336,0.022391196,0.020041472
Bonny Slope Elementary School,4671,NonCharter,11775 NW McDaniel Rd,Portland,OR,97229,Beaverton SD 48J,2243,WASHINGTON,67,-122.7977247,45.5394707,686.00,2.00,0.00,205.00,0.30,1.00,0.00,7.00,0.01,63.00,0.09,333.00,0.49,75.00,0.10933,70.00,0.10,0.018,1.431261983,0.046037807,0.065892163
Cedar Mill Elementary School,1158,NonCharter,10265 NW Cornell Rd,Portland,OR,97229,Beaverton SD 48J,2243,WASHINGTON,67,-122.7827052,45.526914,356.00,0.00,0.00,66.00,0.19,1.00,0.00,7.00,0.02,45.00,0.13,199.00,0.56,38.00,0.10674,52.00,0.15,0.007,0.742754032,0.018674149,0.0138703
Chehalem Elementary School,1159,NonCharter,15555 SW Davis Rd,Beaverton,OR,97007,Beaverton SD 48J,2243,WASHINGTON,67,-122.8370645,45.47593329,383.00,1.00,0.00,17.00,0.04,5.00,0.01,8.00,0.02,140.00,0.37,173.00,0.45,39.00,0.10183,148.00,0.39,0.004,0.799086501,0.010552077,0.008432022
Cooper Mountain Elementary School,1160,NonCharter,7670 SW 170th Ave,Beaverton,OR,97007,Beaverton SD 48J,2243,WASHINGTON,67,-122.8507345,45.46454222,413.00,4.00,0.01,60.00,0.15,3.00,0.01,8.00,0.02,39.00,0.09,255.00,0.62,44.00,0.10654,47.00,0.11,0.010,0.861678132,0.026099853,0.022489673
Elmonica Elementary School,1162,NonCharter,16950 SW Lisa Ct,Beaverton,OR,97006,Beaverton SD 48J,2243,WASHINGTON,67,-122.8515109,45.5156764,413.00,2.00,0.00,132.00,0.32,3.00,0.01,10.00,0.02,145.00,0.35,95.00,0.23,26.00,0.06295,155.00,0.38,0.004,0.861678132,0.009849853,0.008487403
Errol Hassell Elementary School,1161,NonCharter,18100 SW Bany Rd,Beaverton,OR,97007,Beaverton SD 48J,2243,WASHINGTON,67,-122.8631889,45.46627183,355.00,1.00,0.00,37.00,0.10,0.00,0.00,18.00,0.05,99.00,0.28,161.00,0.45,39.00,0.10986,117.00,0.33,0.001,0.740667644,0.003063325,0.002268905
Findley Elementary,1370,NonCharter,4155 NW Saltzman Rd,Portland,OR,97229,Beaverton SD 48J,2243,WASHINGTON,67,-122.8115159,45.54979685,527.00,2.00,0.00,281.00,0.53,1.00,0.00,11.00,0.02,34.00,0.06,156.00,0.30,42.00,0.0797,45.00,0.09,0.015,1.099526334,0.03828832,0.042099016
Fir Grove Elementary School,1163,NonCharter,6300 SW Wilson Ave,Beaverton,OR,97008,Beaverton SD 48J,2243,WASHINGTON,67,-122.8181794,45.47376717,362.00,3.00,0.01,21.00,0.06,5.00,0.01,7.00,0.02,110.00,0.30,178.00,0.49,38.00,0.10497,117.00,0.32,0.001,0.755272358,0.002355788,0.001779262
FLEX Online School,5506,NonCharter,13840 NW Cornell Rd,Portland,OR,97229,Beaverton SD 48J,2243,WASHINGTON,67,-122.8200251,45.52792831,555.00,4.00,0.01,54.00,0.10,12.00,0.02,15.00,0.03,170.00,0.31,234.00,0.42,66.00,0.11892,185.00,0.33,0.002,1.15794519,0.005483006,0.006349021
Greenway Elementary School,1157,NonCharter,9150 SW Downing Dr,Beaverton,OR,97008,Beaverton SD 48J,2243,WASHINGTON,67,-122.8019862,45.45368166,277.00,1.00,0.00,9.00,0.03,3.00,0.01,16.00,0.06,106.00,0.38,116.00,0.42,26.00,0.09386,122.00,0.44,0.005,0.577929401,0.012611637,0.007288636
Hazeldale Elementary School,1164,NonCharter,20080 SW Farmington Rd,Aloha,OR,97007,Beaverton SD 48J,2243,WASHINGTON,67,-122.8831561,45.46928262,429.00,2.00,0.00,42.00,0.10,10.00,0.02,20.00,0.05,147.00,0.34,173.00,0.40,35.00,0.08159,167.00,0.39,0.005,0.895060336,0.012227039,0.010943938
Hiteon Elementary School,1165,NonCharter,13800 SW Brockman Rd,Beaverton,OR,97008,Beaverton SD 48J,2243,WASHINGTON,67,-122.8192953,45.45398377,488.00,1.00,0.00,36.00,0.07,10.00,0.02,12.00,0.02,73.00,0.15,296.00,0.61,60.00,0.12295,85.00,0.17,0.008,1.018157212,0.021031627,0.021413503
Hope Chinese Charter School,4867,Charter,3500 SW 104th Ave,Beaverton,OR,97005,Beaverton SD 48J,2243,WASHINGTON,67,-122.7839049,45.4946171,366.00,0.00,0.00,154.00,0.42,0.00,0.00,7.00,0.02,22.00,0.06,64.00,0.17,119.00,0.32514,29.00,0.08,0.011,0.763617909,0.027340871,0.020877979
Jacob Wismer Elementary School,3437,NonCharter,5477 NW Skycrest Pkwy,Portland,OR,97229,Beaverton SD 48J,2243,WASHINGTON,67,-122.823217,45.56032035,591.00,6.00,0.01,362.00,0.61,0.00,0.00,13.00,0.02,45.00,0.08,129.00,0.22,36.00,0.06091,58.00,0.10,0.016,1.233055148,0.040429942,0.049852349
Kinnaman Elementary School,1166,NonCharter,4205 SW 193rd Ave,Beaverton,OR,97078,Beaverton SD 48J,2243,WASHINGTON,67,-122.8762955,45.48953844,489.00,3.00,0.01,38.00,0.08,3.00,0.01,26.00,0.05,198.00,0.40,183.00,0.37,38.00,0.07771,224.00,0.46,0.010,1.0202436,0.0251359,0.025644741
McKay Elementary School,1168,NonCharter,7485 SW Scholls Ferry Rd,Beaverton,OR,97008,Beaverton SD 48J,2243,WASHINGTON,67,-122.7787676,45.4653472,260.00,0.00,0.00,12.00,0.05,6.00,0.02,16.00,0.06,83.00,0.32,122.00,0.47,21.00,0.08077,99.00,0.38,0.003,0.54246081,0.006673983,0.003620374
McKinley Elementary School,1169,NonCharter,1500 NW 185th Ave,Beaverton,OR,97006,Beaverton SD 48J,2243,WASHINGTON,67,-122.8666829,45.53021514,650.00,3.00,0.00,66.00,0.10,12.00,0.02,67.00,0.10,256.00,0.39,190.00,0.29,56.00,0.08615,323.00,0.50,0.017,1.356152024,0.041816466,0.056709484
Montclair Elementary School,1170,NonCharter,7250 SW Vermont,Portland,OR,97223,Beaverton SD 48J,2243,WASHINGTON,67,-122.7520114,45.47609252,283.00,2.00,0.01,6.00,0.02,11.00,0.04,4.00,0.01,31.00,0.11,193.00,0.68,36.00,0.12721,35.00,0.12,0.007,0.590447728,0.016954308,0.010010633
Nancy Ryles Elementary School,1303,NonCharter,10250 SW Cormorant Dr,Beaverton,OR,97007,Beaverton SD 48J,2243,WASHINGTON,67,-122.8433931,45.44515491,508.00,0.00,0.00,59.00,0.12,10.00,0.02,16.00,0.03,78.00,0.15,288.00,0.57,57.00,0.1122,94.00,0.19,0.008,1.059884967,0.02005735,0.021258484
Oak Hills Elementary School,1171,NonCharter,2625 NW 153rd Ave,Beaverton,OR,97006,Beaverton SD 48J,2243,WASHINGTON,67,-122.8359346,45.5388029,496.00,3.00,0.01,77.00,0.16,5.00,0.01,12.00,0.02,84.00,0.17,278.00,0.56,37.00,0.0746,96.00,0.19,0.007,1.034848314,0.018178696,0.018812192
Raleigh Hills Elementary School,1172,NonCharter,5225 SW Scholls Ferry Rd,Portland,OR,97225,Beaverton SD 48J,2243,WASHINGTON,67,-122.7583927,45.48239756,307.00,1.00,0.00,11.00,0.04,2.00,0.01,7.00,0.02,93.00,0.30,149.00,0.49,44.00,0.14332,100.00,0.33,0.001,0.640521033,0.002256251,0.001445176
Raleigh Park Elementary School,1173,NonCharter,3670 SW 78th Ave,Portland,OR,97225,Beaverton SD 48J,2243,WASHINGTON,67,-122.7563734,45.4934383,308.00,2.00,0.01,17.00,0.06,2.00,0.01,18.00,0.06,90.00,0.29,153.00,0.50,26.00,0.08442,108.00,0.35,0.002,0.642607421,0.004818116,0.003096157
Ridgewood Elementary School,1174,NonCharter,10100 SW Inglewood St,Portland,OR,97225,Beaverton SD 48J,2243,WASHINGTON,67,-122.7805992,45.50227943,394.00,1.00,0.00,21.00,0.05,1.00,0.00,14.00,0.04,53.00,0.13,257.00,0.65,47.00,0.11929,67.00,0.17,0.007,0.822036766,0.017522045,0.014403765
Rock Creek Elementary School,1175,NonCharter,4125 NW 185th Ave,Portland,OR,97229,Beaverton SD 48J,2243,WASHINGTON,67,-122.8686367,45.54917251,432.00,2.00,0.00,85.00,0.20,0.00,0.00,2.00,0.00,74.00,0.17,220.00,0.51,49.00,0.11343,76.00,0.18,0.007,0.901319499,0.018367147,0.016554667
Sato Elementary School,5382,NonCharter,7775 NW Kaiser Rd.,Portland,OR,97229,Beaverton SD 48J,2243,WASHINGTON,67,-122.8377548,45.57554175,776.00,9.00,0.01,438.00,0.56,1.00,0.00,22.00,0.03,73.00,0.09,194.00,0.25,39.00,0.05026,95.00,0.12,0.019,1.619036878,0.046813009,0.075791988
Scholls Heights Elementary School,2781,NonCharter,16400 SW Loon Dr,Beaverton,OR,97007,Beaverton SD 48J,2243,WASHINGTON,67,-122.8451255,45.43072386,637.00,2.00,0.00,170.00,0.27,4.00,0.01,22.00,0.03,73.00,0.11,308.00,0.48,58.00,0.09105,95.00,0.15,0.013,1.329028984,0.032763363,0.043543459
Sexton Mountain Elementary School,1270,NonCharter,15645 SW Sexton Mtn Dr,Beaverton,OR,97007,Beaverton SD 48J,2243,WASHINGTON,67,-122.8375432,45.45929229,467.00,1.00,0.00,62.00,0.13,1.00,0.00,19.00,0.04,55.00,0.12,265.00,0.57,64.00,0.13704,74.00,0.16,0.009,0.97434307,0.022570563,0.021991471
Springville K-8 School,4712,NonCharter,6655 NW Joss Ave,Portland,OR,97229,Beaverton SD 48J,2243,WASHINGTON,67,-122.8506701,45.56867703,764.00,8.00,0.01,438.00,0.57,4.00,0.01,40.00,0.05,76.00,0.10,162.00,0.21,36.00,0.04712,116.00,0.15,0.015,1.594000226,0.038609869,0.06154414
Terra Linda Elementary School,1176,NonCharter,1998 NW 143rd Ave,Portland,OR,97229,Beaverton SD 48J,2243,WASHINGTON,67,-122.8203243,45.53322141,277.00,2.00,0.01,31.00,0.11,0.00,0.00,6.00,0.02,54.00,0.19,163.00,0.59,21.00,0.07581,60.00,0.22,0.003,0.577929401,0.008026157,0.004638552
Vose Elementary School,1177,NonCharter,11350 SW Denney Rd,Beaverton,OR,97008,Beaverton SD 48J,2243,WASHINGTON,67,-122.7938018,45.46866004,704.00,1.00,0.00,22.00,0.03,5.00,0.01,16.00,0.02,456.00,0.65,162.00,0.23,42.00,0.05966,472.00,0.67,0.034,1.468816962,0.085955609,0.126253057
West Tualatin View Elementary School,1178,NonCharter,8800 SW Leahy Rd,Portland,OR,97225,Beaverton SD 48J,2243,WASHINGTON,67,-122.7667617,45.51528476,305.00,1.00,0.00,35.00,0.11,1.00,0.00,7.00,0.02,26.00,0.09,201.00,0.66,34.00,0.11148,33.00,0.11,0.008,0.636348258,0.019843728,0.012627522
William Walker Elementary School,1179,NonCharter,11940 SW Lynnfield Ln,Portland,OR,97225,Beaverton SD 48J,2243,WASHINGTON,67,-122.7998969,45.50193741,534.00,1.00,0.00,24.00,0.04,9.00,0.02,9.00,0.02,316.00,0.59,148.00,0.28,27.00,0.05056,325.00,0.61,0.022,1.114131048,0.054207086,0.060393797
Butler Creek Elementary School,3649,NonCharter,2789 SW Butler Rd,Gresham,OR,97080,Centennial SD 28J,2185,MULTNOMAH,51,-122.4586911,45.47283332,512.00,3.00,0.01,92.00,0.18,6.00,0.01,31.00,0.06,93.00,0.18,246.00,0.48,41.00,0.08008,124.00,0.24,0.062,1.347368421,0.308556524,0.415739316
Meadows Elementary,959,NonCharter,18009 SE Brooklyn St,Portland,OR,97236,Centennial SD 28J,2185,MULTNOMAH,51,-122.4775487,45.50150489,311.00,2.00,0.01,35.00,0.11,11.00,0.04,16.00,0.05,119.00,0.38,98.00,0.32,30.00,0.09646,135.00,0.43,0.018,0.818421053,0.090726787,0.074252713
Parklane Elementary School,963,NonCharter,15811 SE Main St,Portland,OR,97233,Centennial SD 28J,2185,MULTNOMAH,51,-122.5002849,45.51437735,437.00,2.00,0.00,40.00,0.09,16.00,0.04,51.00,0.12,150.00,0.34,142.00,0.32,36.00,0.08238,201.00,0.46,0.036,1.15,0.180175963,0.207202357
Patrick Lynch Elementary,964,NonCharter,1546 SE 169th Pl,Portland,OR,97233,Centennial SD 28J,2185,MULTNOMAH,51,-122.4883045,45.51150697,336.00,1.00,0.00,50.00,0.15,10.00,0.03,38.00,0.11,114.00,0.34,107.00,0.32,16.00,0.04762,152.00,0.45,0.026,0.884210526,0.126673671,0.112006194
Pleasant Valley Elementary School,966,NonCharter,17625 SE Foster Rd,Gresham,OR,97080,Centennial SD 28J,2185,MULTNOMAH,51,-122.4802123,45.4645211,299.00,1.00,0.00,31.00,0.10,8.00,0.03,15.00,0.05,55.00,0.18,156.00,0.52,33.00,0.11037,70.00,0.23,0.039,0.786842105,0.191443476,0.150635788
Powell Butte Elementary School,965,NonCharter,3615 SE 174th St,Portland,OR,97236,Centennial SD 28J,2185,MULTNOMAH,51,-122.4855879,45.49665898,385.00,4.00,0.01,61.00,0.16,12.00,0.03,44.00,0.11,121.00,0.31,105.00,0.27,38.00,0.0987,165.00,0.43,0.021,1.013157895,0.102423578,0.103771257
Arthur Academy,3580,Charter,13717 SE Division St,Portland,OR,97236,David Douglas SD 40,2187,MULTNOMAH,51,-122.5223106,45.50440301,158.00,1.00,0.01,28.00,0.18,6.00,0.04,19.00,0.12,20.00,0.13,70.00,0.44,14.00,0.08861,39.00,0.25,0.013,0.405648267,0.120725301,0.048972009
Cherry Park Elementary School,972,NonCharter,1930 SE 104th Ave,Portland,OR,97216,David Douglas SD 40,2187,MULTNOMAH,51,-122.5557244,45.50859687,459.00,3.00,0.01,64.00,0.14,7.00,0.02,50.00,0.11,115.00,0.25,170.00,0.37,50.00,0.10893,165.00,0.36,0.010,1.17843389,0.090168452,0.10625756
Earl Boyles Elementary,3525,NonCharter,10822 SE Bush,Portland,OR,97266,David Douglas SD 40,2187,MULTNOMAH,51,-122.5514212,45.49423236,363.00,2.00,0.01,47.00,0.13,10.00,0.03,22.00,0.06,112.00,0.31,125.00,0.34,45.00,0.12397,134.00,0.37,0.006,0.931964056,0.053622626,0.04997436
Gilbert Heights Elementary School,973,NonCharter,12839 SE Holgate Blvd,Portland,OR,97236,David Douglas SD 40,2187,MULTNOMAH,51,-122.531286,45.49061978,420.00,0.00,0.00,74.00,0.18,12.00,0.03,56.00,0.13,123.00,0.29,119.00,0.28,36.00,0.08571,179.00,0.43,0.006,1.07830552,0.058693008,0.063288995
Gilbert Park Elementary School,974,NonCharter,13132 SE Ramona St,Portland,OR,97236,David Douglas SD 40,2187,MULTNOMAH,51,-122.5281407,45.47954942,462.00,6.00,0.01,56.00,0.12,9.00,0.02,50.00,0.11,90.00,0.19,216.00,0.47,35.00,0.07576,140.00,0.30,0.024,1.186136072,0.222175646,0.263530548
Lincoln Park Elementary School,975,NonCharter,13200 SE Lincoln St,Portland,OR,97233,David Douglas SD 40,2187,MULTNOMAH,51,-122.5258279,45.50837155,465.00,1.00,0.00,83.00,0.18,11.00,0.02,54.00,0.12,150.00,0.32,139.00,0.30,27.00,0.05806,204.00,0.44,0.010,1.193838254,0.094317653,0.112600022
Menlo Park Elementary School,976,NonCharter,12900 NE Glisan St,Portland,OR,97230,David Douglas SD 40,2187,MULTNOMAH,51,-122.5302495,45.52534382,383.00,3.00,0.01,37.00,0.10,12.00,0.03,44.00,0.11,118.00,0.31,129.00,0.34,40.00,0.10444,162.00,0.42,0.005,0.983311938,0.047319257,0.04652959
Mill Park Elementary School,977,NonCharter,1900 SE 117th Ave,Portland,OR,97216,David Douglas SD 40,2187,MULTNOMAH,51,-122.5417466,45.50980354,446.00,4.00,0.01,75.00,0.17,23.00,0.05,68.00,0.15,157.00,0.35,97.00,0.22,22.00,0.04933,225.00,0.50,0.025,1.145057766,0.238295037,0.272861583
Ventura Park Elementary School,978,NonCharter,145 SE 117th Ave,Portland,OR,97216,David Douglas SD 40,2187,MULTNOMAH,51,-122.543837,45.52123013,376.00,2.00,0.01,47.00,0.13,14.00,0.04,71.00,0.19,91.00,0.24,114.00,0.30,37.00,0.0984,162.00,0.43,0.007,0.96534018,0.061375045,0.059247797
West Powellhurst Elementary School,979,NonCharter,2921 SE 116th Ave,Portland,OR,97266,David Douglas SD 40,2187,MULTNOMAH,51,-122.5437189,45.50081765,363.00,1.00,0.00,50.00,0.14,15.00,0.04,47.00,0.13,95.00,0.26,127.00,0.35,28.00,0.07713,142.00,0.39,0.001,0.931964056,0.013307975,0.012402554
Cornelius Elementary School,1128,NonCharter,200 N 14th Ave,Cornelius,OR,97113,Forest Grove SD 15,2241,WASHINGTON,67,-123.0541945,45.52180001,371.00,1.00,0.00,3.00,0.01,0.00,0.00,2.00,0.01,323.00,0.87,40.00,0.11,2.00,0.00539,325.00,0.88,0.105,1.170347003,0.203550619,0.238224857
Dilley Elementary School,1129,NonCharter,4115 SW Dilley Rd,Forest Grove,OR,97116,Forest Grove SD 15,2241,WASHINGTON,67,-123.1272844,45.49040655,206.00,2.00,0.01,5.00,0.02,0.00,0.00,1.00,0.00,21.00,0.10,158.00,0.77,19.00,0.09223,22.00,0.11,0.087,0.649842271,0.168251617,0.109337013
Echo Shaw Elementary School,1130,NonCharter,914 S Linden St,Cornelius,OR,97113,Forest Grove SD 15,2241,WASHINGTON,67,-123.0618842,45.51200218,377.00,3.00,0.01,0.00,0.00,1.00,0.00,0.00,0.00,356.00,0.94,14.00,0.04,3.00,0.00796,356.00,0.94,0.131,1.189274448,0.252539813,0.300339147
Fern Hill Elementary School,3986,NonCharter,4445 Heather St,Forest Grove,OR,97116,Forest Grove SD 15,2241,WASHINGTON,67,-123.0717767,45.51453933,264.00,0.00,0.00,5.00,0.02,1.00,0.00,5.00,0.02,166.00,0.63,80.00,0.30,7.00,0.02652,171.00,0.65,0.020,0.832807571,0.037866813,0.031535769
Forest Grove Community School,4595,Charter,1914 Pacific Avenue ,Forest Grove,OR,97116,Forest Grove SD 15,2241,WASHINGTON,67,-123.113275,45.51944286,201.00,1.00,0.00,0.00,0.00,2.00,0.01,1.00,0.00,35.00,0.17,142.00,0.71,20.00,0.0995,36.00,0.18,0.072,0.634069401,0.138369016,0.087735559
Harvey Clarke Elementary School,1132,NonCharter,2516 N  B  St,Forest Grove,OR,97116,Forest Grove SD 15,2241,WASHINGTON,67,-123.1161734,45.52685989,425.00,2.00,0.00,9.00,0.02,1.00,0.00,7.00,0.02,125.00,0.29,254.00,0.60,27.00,0.06353,132.00,0.31,0.100,1.340694006,0.193379367,0.259262559
Joseph Gale Elementary School,1133,NonCharter,3130 18th Ave,Forest Grove,OR,97116,Forest Grove SD 15,2241,WASHINGTON,67,-123.0927512,45.51599973,375.00,2.00,0.01,1.00,0.00,1.00,0.00,3.00,0.01,213.00,0.57,149.00,0.40,6.00,0.016,216.00,0.58,0.003,1.1829653,0.006042755,0.00714837
John Wetten Elementary School,136,NonCharter,250 E Exeter,Gladstone,OR,97027,Gladstone SD 115,1931,CLACKAMAS,5,-122.593185,45.38225343,574.00,3.00,0.01,6.00,0.01,6.00,0.01,7.00,0.01,106.00,0.18,394.00,0.69,52.00,0.09059,113.00,0.20,,,,
Deep Creek – Damascus K-8 School,90,NonCharter,14151 SE 242nd,Damascus,OR,97089,Gresham-Barlow SD 10J,2183,CLACKAMAS,5,-122.414377,45.4205957,450.00,5.00,0.01,7.00,0.02,0.00,0.00,0.00,0.00,49.00,0.11,356.00,0.79,33.00,0.07333,49.00,0.11,0.042,1.059398769,0.155236007,0.164456835
East Gresham Elementary School,933,NonCharter,900 SE 5th St,Gresham,OR,97080,Gresham-Barlow SD 10J,2183,MULTNOMAH,51,-122.4208695,45.49318728,551.00,5.00,0.01,7.00,0.01,8.00,0.01,22.00,0.04,217.00,0.39,229.00,0.42,63.00,0.11434,239.00,0.43,0.021,1.297174937,0.076583946,0.099342775
East Orient Elementary School,941,NonCharter,7431 SE 302nd Ave,Gresham,OR,97080,Gresham-Barlow SD 10J,2183,MULTNOMAH,51,-122.3529909,45.46855727,366.00,3.00,0.01,13.00,0.04,6.00,0.02,7.00,0.02,50.00,0.14,254.00,0.69,33.00,0.09016,57.00,0.16,0.027,0.861644332,0.100715019,0.086780525
Gresham Arthur Academy,4601,Charter,1890 NE Cleveland Ave,Gresham,OR,97030,Gresham-Barlow SD 10J,2183,MULTNOMAH,51,-122.4197941,45.51070251,167.00,0.00,0.00,5.00,0.03,1.00,0.01,4.00,0.02,37.00,0.22,107.00,0.64,13.00,0.07784,41.00,0.25,0.006,0.393154654,0.023621193,0.009286782
Hall Elementary School,936,NonCharter,2505 NE 23rd St,Gresham,OR,97030,Gresham-Barlow SD 10J,2183,MULTNOMAH,51,-122.4065623,45.51457411,404.00,6.00,0.01,13.00,0.03,12.00,0.03,31.00,0.08,168.00,0.42,134.00,0.33,40.00,0.09901,199.00,0.49,0.025,0.951104672,0.091551211,0.087074784
Highland Elementary School,935,NonCharter,295 NE 24th St,Gresham,OR,97030,Gresham-Barlow SD 10J,2183,MULTNOMAH,51,-122.4275729,45.51407438,418.00,2.00,0.00,13.00,0.03,3.00,0.01,22.00,0.05,218.00,0.52,124.00,0.30,36.00,0.08612,240.00,0.57,0.039,0.984063745,0.145528867,0.143209682
Hogan Cedars Elementary School,3543,NonCharter,1770 SE Fleming Ave,Gresham,OR,97080,Gresham-Barlow SD 10J,2183,MULTNOMAH,51,-122.407355,45.48472188,467.00,2.00,0.00,24.00,0.05,5.00,0.01,15.00,0.03,185.00,0.40,202.00,0.43,34.00,0.07281,200.00,0.43,0.017,1.0994205,0.061088456,0.067161901
Hollydale Elementary School,937,NonCharter,505 SW Birdsdale Ave,Gresham,OR,97080,Gresham-Barlow SD 10J,2183,MULTNOMAH,51,-122.4547203,45.49263973,460.00,8.00,0.02,18.00,0.04,7.00,0.02,28.00,0.06,158.00,0.34,197.00,0.43,44.00,0.09565,186.00,0.40,0.012,1.082940963,0.043782758,0.047414142
Kelly Creek Elementary School,1313,NonCharter,2400 SE Baker Way,Gresham,OR,97080,Gresham-Barlow SD 10J,2183,MULTNOMAH,51,-122.3848233,45.48014285,367.00,0.00,0.00,18.00,0.05,7.00,0.02,16.00,0.04,80.00,0.22,200.00,0.54,46.00,0.12534,96.00,0.26,0.012,0.863998551,0.043123421,0.037258573
Lewis and Clark Montessori Charter School,4667,Charter,15600 SE 232nd Dr,Damascus,OR,97089,Gresham-Barlow SD 10J,2183,CLACKAMAS,5,-122.4227459,45.40957329,329.00,0.00,0.00,3.00,0.01,0.00,0.00,5.00,0.02,47.00,0.14,254.00,0.77,20.00,0.06079,52.00,0.16,0.024,0.774538211,0.089397845,0.069242047
Metro East Web Academy,4740,NonCharter,1394 NW Civic Dr,Gresham,OR,97030,Gresham-Barlow SD 10J,2183,MULTNOMAH,51,-122.4408022,45.5075811,628.00,6.00,0.01,16.00,0.03,7.00,0.01,28.00,0.04,128.00,0.20,388.00,0.62,55.00,0.08758,156.00,0.25,0.023,1.478449837,0.086115191,0.12731699
North Gresham Elementary School,938,NonCharter,1001 SE 217th Ave,Gresham,OR,97030,Gresham-Barlow SD 10J,2183,MULTNOMAH,51,-122.4393987,45.51549962,559.00,5.00,0.01,27.00,0.05,26.00,0.05,42.00,0.08,203.00,0.36,184.00,0.33,72.00,0.1288,245.00,0.44,0.022,1.316008693,0.081464763,0.107208337
Powell Valley Elementary School,939,NonCharter,4825 SE Powell Valley Rd,Gresham,OR,97080,Gresham-Barlow SD 10J,2183,MULTNOMAH,51,-122.3837687,45.49110005,356.00,2.00,0.01,13.00,0.04,6.00,0.02,9.00,0.03,111.00,0.31,175.00,0.49,40.00,0.11236,120.00,0.34,0.000,0.838102137,0.001791324,0.001501312
Brookwood Elementary School,1112,NonCharter,3960 SE Cedar St,Hillsboro,OR,97123,Hillsboro SD 1J,2239,WASHINGTON,67,-122.9417743,45.51516991,333.00,3.00,0.01,15.00,0.05,2.00,0.01,4.00,0.01,127.00,0.38,159.00,0.48,23.00,0.06907,131.00,0.39,0.003,0.927289604,0.007398954,0.006860973
Butternut Creek Elementary School,1147,NonCharter,20395 SW Florence St,Aloha,OR,97007,Hillsboro SD 1J,2239,WASHINGTON,67,-122.8867422,45.48709098,334.00,1.00,0.00,21.00,0.06,3.00,0.01,6.00,0.02,126.00,0.38,142.00,0.43,35.00,0.10479,132.00,0.40,0.002,0.930074257,0.007060819,0.006567086
City View Charter School,4206,Charter,4174 SE Bentley St,Hillsboro,OR,97123,Hillsboro SD 1J,2239,WASHINGTON,67,-122.9394671,45.51155151,313.00,1.00,0.00,21.00,0.07,1.00,0.00,10.00,0.03,37.00,0.12,213.00,0.68,30.00,0.09585,47.00,0.15,0.018,0.871596535,0.052180745,0.045480556
Eastwood Elementary School,1115,NonCharter,2100 NE Lincoln St,Hillsboro,OR,97124,Hillsboro SD 1J,2239,WASHINGTON,67,-122.9597678,45.5236076,378.00,0.00,0.00,4.00,0.01,2.00,0.01,8.00,0.02,272.00,0.72,83.00,0.22,9.00,0.02381,280.00,0.74,0.025,1.05259901,0.069598139,0.073258932
Farmington View Elementary School,1189,NonCharter,8300 SW Hillsboro Hwy,Hillsboro,OR,97123,Hillsboro SD 1J,2239,WASHINGTON,67,-122.991385,45.46030351,245.00,0.00,0.00,2.00,0.01,0.00,0.00,3.00,0.01,61.00,0.25,165.00,0.67,14.00,0.05714,64.00,0.26,0.009,0.682240099,0.024679783,0.016837538
Free Orchards Elementary School,4641,NonCharter,2499 S Beech,Cornelius,OR,97113,Hillsboro SD 1J,2239,WASHINGTON,67,-123.0414732,45.5174434,377.00,1.00,0.00,14.00,0.04,4.00,0.01,12.00,0.03,209.00,0.55,115.00,0.31,22.00,0.05836,221.00,0.59,0.012,1.049814356,0.034805196,0.036538995
Groner K-8,1152,NonCharter,23405 SW Scholls Ferry Rd,Hillsboro,OR,97123,Hillsboro SD 1J,2239,WASHINGTON,67,-122.9201329,45.41782625,154.00,1.00,0.01,0.00,0.00,0.00,0.00,2.00,0.01,49.00,0.32,97.00,0.63,5.00,0.03247,51.00,0.33,0.003,0.428836634,0.009114256,0.003908527
Hillsboro Online Academy,4973,NonCharter,452 NE 3rd Ave,Hillsboro,OR,97124,Hillsboro SD 1J,2239,WASHINGTON,67,-122.9854995,45.52777543,344.00,3.00,0.01,16.00,0.05,3.00,0.01,7.00,0.02,90.00,0.26,194.00,0.56,31.00,0.09012,97.00,0.28,0.011,0.957920792,0.030411652,0.029131954
Imlay Elementary School,3536,NonCharter,5900 SE Lois St,Hillsboro,OR,97123,Hillsboro SD 1J,2239,WASHINGTON,67,-122.9208748,45.51191849,468.00,4.00,0.01,49.00,0.10,5.00,0.01,13.00,0.03,111.00,0.24,240.00,0.51,46.00,0.09829,124.00,0.26,0.016,1.303217822,0.046105656,0.060085713
Indian Hills Elementary School,1148,NonCharter,21260 SW Rock Rd,Aloha,OR,97006,Hillsboro SD 1J,2239,WASHINGTON,67,-122.8952784,45.50694109,389.00,0.00,0.00,55.00,0.14,12.00,0.03,13.00,0.03,93.00,0.24,166.00,0.43,50.00,0.12853,106.00,0.27,0.013,1.083230198,0.036581337,0.039626009
Jackson Elementary School,1285,NonCharter,675 NE Estate Dr,Hillsboro,OR,97124,Hillsboro SD 1J,2239,WASHINGTON,67,-122.9815486,45.54380475,389.00,1.00,0.00,29.00,0.07,0.00,0.00,5.00,0.01,74.00,0.19,235.00,0.60,45.00,0.11568,79.00,0.20,0.019,1.083230198,0.052620644,0.057000271
Ladd Acres Elementary School,1150,NonCharter,2425 SW Cornelius Pass Rd,Hillsboro,OR,97123,Hillsboro SD 1J,2239,WASHINGTON,67,-122.903353,45.50223209,411.00,3.00,0.01,57.00,0.14,5.00,0.01,2.00,0.00,119.00,0.29,187.00,0.45,38.00,0.09246,121.00,0.29,0.012,1.144492574,0.033300715,0.038112421
Lenox Elementary School,1110,NonCharter,21200 NW Rock Creek Blvd,Portland,OR,97229,Hillsboro SD 1J,2239,WASHINGTON,67,-122.8940071,45.55809266,367.00,2.00,0.01,34.00,0.09,1.00,0.00,25.00,0.07,90.00,0.25,182.00,0.50,33.00,0.08992,115.00,0.31,0.009,1.021967822,0.025604798,0.026167279
Lincoln Street Elementary School,4642,NonCharter,801 NE Lincoln St,Hillsboro,OR,97124,Hillsboro SD 1J,2239,WASHINGTON,67,-122.9773053,45.52429065,366.00,3.00,0.01,0.00,0.00,0.00,0.00,0.00,0.00,276.00,0.75,75.00,0.20,12.00,0.03279,276.00,0.75,0.025,1.019183168,0.070292911,0.071641351
Minter Bridge Elementary School,1116,NonCharter,1750 SE Jacquelin Dr,Hillsboro,OR,97123,Hillsboro SD 1J,2239,WASHINGTON,67,-122.9633544,45.49713971,351.00,1.00,0.00,21.00,0.06,0.00,0.00,7.00,0.02,188.00,0.54,104.00,0.30,30.00,0.08547,195.00,0.56,0.009,0.977413366,0.026013696,0.025426134
Mooberry Elementary School,1117,NonCharter,1230 NE 10th Ave,Hillsboro,OR,97124,Hillsboro SD 1J,2239,WASHINGTON,67,-122.9717777,45.53384192,381.00,2.00,0.01,4.00,0.01,1.00,0.00,3.00,0.01,250.00,0.66,103.00,0.27,18.00,0.04724,253.00,0.66,0.019,1.06095297,0.05279109,0.056008864
North Plains Elementary School,1190,NonCharter,32030 NW North Ave,North Plains,OR,97133,Hillsboro SD 1J,2239,WASHINGTON,67,-123.0066816,45.60175268,181.00,2.00,0.01,13.00,0.07,1.00,0.01,3.00,0.02,31.00,0.17,120.00,0.66,11.00,0.06077,34.00,0.19,0.009,0.504022277,0.026122752,0.013166449
Orenco Elementary School,3160,NonCharter,22550 NW Birch St,Hillsboro,OR,97124,Hillsboro SD 1J,2239,WASHINGTON,67,-122.9074744,45.5283789,476.00,2.00,0.00,65.00,0.14,3.00,0.01,18.00,0.04,139.00,0.29,179.00,0.38,70.00,0.14706,157.00,0.33,0.010,1.32549505,0.028549369,0.037842047
Paul L Patterson Elementary School,3159,NonCharter,261 NE Lenox St,Hillsboro,OR,97124,Hillsboro SD 1J,2239,WASHINGTON,67,-122.9923193,45.54607692,404.00,2.00,0.00,20.00,0.05,4.00,0.01,11.00,0.03,87.00,0.22,235.00,0.58,45.00,0.11139,98.00,0.24,0.016,1.125,0.045172431,0.050818985
Quatama Elementary School,4643,NonCharter,6905 NE Campus Way,Hillsboro,OR,97124,Hillsboro SD 1J,2239,WASHINGTON,67,-122.9087663,45.53287573,502.00,3.00,0.01,98.00,0.20,5.00,0.01,22.00,0.04,127.00,0.25,197.00,0.39,50.00,0.0996,149.00,0.30,0.014,1.39789604,0.039955515,0.055853656
Reedville Elementary School,1149,NonCharter,2695 SW 209th Ave,Aloha,OR,97006,Hillsboro SD 1J,2239,WASHINGTON,67,-122.8919151,45.50016699,213.00,0.00,0.00,8.00,0.04,1.00,0.00,3.00,0.01,175.00,0.82,18.00,0.08,8.00,0.03756,178.00,0.84,0.018,0.593131188,0.051230978,0.030386691
Rosedale Elementary School,4703,NonCharter,3901 SE 67th Ave,Beaverton,OR,97078,Hillsboro SD 1J,2239,WASHINGTON,67,-122.9142855,45.49156985,438.00,5.00,0.01,81.00,0.18,3.00,0.01,23.00,0.05,153.00,0.35,134.00,0.31,39.00,0.08904,176.00,0.40,0.003,1.219678218,0.007537724,0.009193598
Tobias Elementary School,1302,NonCharter,1065 SW 206th Ave,Aloha,OR,97006,Hillsboro SD 1J,2239,WASHINGTON,67,-122.8908262,45.51217461,411.00,5.00,0.01,67.00,0.16,5.00,0.01,33.00,0.08,107.00,0.26,154.00,0.37,40.00,0.09732,140.00,0.34,0.008,1.144492574,0.022013795,0.025194625
W L Henry Elementary School,1119,NonCharter,1060 SE 24th Ave,Hillsboro,OR,97123,Hillsboro SD 1J,2239,WASHINGTON,67,-122.9566646,45.51206022,318.00,2.00,0.01,6.00,0.02,1.00,0.00,1.00,0.00,266.00,0.84,37.00,0.12,5.00,0.01572,267.00,0.84,0.027,0.885519802,0.077230337,0.068388993
W Verne McKinney Elementary School,1114,NonCharter,535 NW Darnielle St,Hillsboro,OR,97124,Hillsboro SD 1J,2239,WASHINGTON,67,-122.9955627,45.53052439,408.00,1.00,0.00,12.00,0.03,0.00,0.00,10.00,0.02,242.00,0.59,120.00,0.29,23.00,0.05637,252.00,0.62,0.016,1.136138614,0.045287369,0.051452729
West Union Elementary School,1111,NonCharter,23870 NW West Union Rd,Hillsboro,OR,97124,Hillsboro SD 1J,2239,WASHINGTON,67,-122.9234732,45.57698073,312.00,2.00,0.01,21.00,0.07,1.00,0.00,20.00,0.06,105.00,0.34,130.00,0.42,33.00,0.10577,125.00,0.40,0.002,0.868811881,0.005589055,0.004855837
Witch Hazel Elementary School,1151,NonCharter,4950 SE Davis Rd,Hillsboro,OR,97123,Hillsboro SD 1J,2239,WASHINGTON,67,-122.9326909,45.49364133,433.00,1.00,0.00,19.00,0.04,0.00,0.00,27.00,0.06,282.00,0.65,83.00,0.19,21.00,0.0485,309.00,0.71,0.026,1.20575495,0.072750284,0.087719015
Forest Hills Elementary School,53,NonCharter,1133 SW Andrews Rd,Lake Oswego,OR,97034,Lake Oswego SD 7J,1923,CLACKAMAS,5,-122.6768595,45.42595085,419.00,0.00,0.00,26.00,0.06,0.00,0.00,4.00,0.01,23.00,0.05,322.00,0.77,44.00,0.10501,27.00,0.06,0.019,1.026960784,0.106061779,0.108921287
Hallinan Elementary School,54,NonCharter,16800 Hawthorne Dr,Lake Oswego,OR,97034,Lake Oswego SD 7J,1923,CLACKAMAS,5,-122.6644748,45.4043899,362.00,0.00,0.00,19.00,0.05,0.00,0.00,1.00,0.00,21.00,0.06,276.00,0.76,45.00,0.12431,22.00,0.06,0.020,0.887254902,0.112581415,0.099888412
Lake Grove Elementary School,55,NonCharter,15777 SW Boones Ferry Rd,Lake Oswego,OR,97035,Lake Oswego SD 7J,1923,CLACKAMAS,5,-122.7192773,45.41234137,416.00,0.00,0.00,67.00,0.16,1.00,0.00,5.00,0.01,35.00,0.08,249.00,0.60,59.00,0.14183,40.00,0.10,0.018,1.019607843,0.102972851,0.104991926
Oak Creek Elementary School,1288,NonCharter,55 Kingsgate,Lake Oswego,OR,97035,Lake Oswego SD 7J,1923,CLACKAMAS,5,-122.7295115,45.42716983,445.00,1.00,0.00,87.00,0.20,0.00,0.00,6.00,0.01,45.00,0.10,237.00,0.53,69.00,0.15506,51.00,0.11,0.042,1.090686275,0.239782034,0.261526973
River Grove Elementary School,56,NonCharter,5850 SW McEwan Rd,Lake Oswego,OR,97035,Lake Oswego SD 7J,1923,CLACKAMAS,5,-122.7364681,45.38905796,336.00,0.00,0.00,37.00,0.11,2.00,0.01,2.00,0.01,35.00,0.10,223.00,0.66,37.00,0.11012,37.00,0.11,0.027,0.823529412,0.157245115,0.129495977
Westridge Elementary School,58,NonCharter,3400 Royce Way,Lake Oswego,OR,97034,Lake Oswego SD 7J,1923,CLACKAMAS,5,-122.7120196,45.39512253,470.00,0.00,0.00,20.00,0.04,0.00,0.00,0.00,0.00,20.00,0.04,380.00,0.81,50.00,0.10638,20.00,0.04,0.049,1.151960784,0.281356807,0.324112008
Ardenwald Elementary School,4762,NonCharter,8950 SE 36th St,Milwaukie,OR,97222,North Clackamas SD 12,1924,CLACKAMAS,5,-122.6244528,45.45800813,407.00,2.00,0.00,4.00,0.01,1.00,0.00,7.00,0.02,67.00,0.16,270.00,0.66,56.00,0.13759,74.00,0.18,0.005,1.070630014,0.018532497,0.019841448
Beatrice Morrow Cannady Elementary,5451,NonCharter,18031 SE Vogel Rd,Damascus,OR,97089,North Clackamas SD 12,1924,CLACKAMAS,5,-122.476961,45.430375,505.00,1.00,0.00,148.00,0.29,1.00,0.00,20.00,0.04,51.00,0.10,228.00,0.45,56.00,0.11089,71.00,0.14,0.014,1.328422991,0.055078776,0.073167913
Bilquist Elementary School,65,NonCharter,15708 SE Webster Rd,Milwaukie,OR,97267,North Clackamas SD 12,1924,CLACKAMAS,5,-122.5888862,45.40944349,359.00,0.00,0.00,12.00,0.03,3.00,0.01,14.00,0.04,57.00,0.16,242.00,0.67,31.00,0.08635,71.00,0.20,0.002,0.944364067,0.007520269,0.007101872
Cascade Heights Public Charter School,4475,Charter,15301 SE 92nd Ave,Clackamas,OR,97015,North Clackamas SD 12,1924,CLACKAMAS,5,-122.5696787,45.41206499,224.00,1.00,0.00,23.00,0.10,1.00,0.00,4.00,0.02,10.00,0.04,165.00,0.74,20.00,0.08929,14.00,0.06,0.013,0.589241089,0.051390398,0.030281334
Clackamas Web Academy,4223,NonCharter,8740 SE Sunnybrook Blvd,Clackamas,OR,97015,North Clackamas SD 12,1924,CLACKAMAS,5,-122.5729435,45.42956568,513.00,0.00,0.00,15.00,0.03,4.00,0.01,9.00,0.02,45.00,0.09,404.00,0.79,36.00,0.07018,54.00,0.11,0.021,1.349467316,0.083884245,0.113199047
El Puente,4005,NonCharter,11250 SE 27th Ave,Milwaukie,OR,97222,North Clackamas SD 12,1924,CLACKAMAS,5,-122.6335575,45.44167864,418.00,0.00,0.00,5.00,0.01,0.00,0.00,1.00,0.00,212.00,0.51,176.00,0.42,24.00,0.05742,213.00,0.51,0.049,1.099565961,0.192103961,0.211230976
Happy Valley Elementary School,4763,NonCharter,13865 SE King Rd,Happy Valley,OR,97086,North Clackamas SD 12,1924,CLACKAMAS,5,-122.5173146,45.44757115,489.00,0.00,0.00,98.00,0.20,1.00,0.00,13.00,0.03,47.00,0.10,276.00,0.56,54.00,0.11043,60.00,0.12,0.017,1.286334342,0.066819518,0.085952241
Lewelling Elementary School,4764,NonCharter,5325 SE Logus Rd,Milwaukie,OR,97222,North Clackamas SD 12,1924,CLACKAMAS,5,-122.6077888,45.45103622,298.00,0.00,0.00,6.00,0.02,1.00,0.00,8.00,0.03,92.00,0.31,166.00,0.56,25.00,0.08389,100.00,0.34,0.015,0.783901092,0.057043371,0.044716361
Linwood Elementary School,4765,NonCharter,11909 SE Linwood Ave,Milwaukie,OR,97222,North Clackamas SD 12,1924,CLACKAMAS,5,-122.599958,45.43653488,233.00,2.00,0.01,10.00,0.04,16.00,0.07,9.00,0.04,44.00,0.19,121.00,0.52,31.00,0.13305,53.00,0.23,0.001,0.612915954,0.005782702,0.00354431
Mount Scott Elementary School,1264,NonCharter,11201 SE Stevens Rd,Happy Valley,OR,97086,North Clackamas SD 12,1924,CLACKAMAS,5,-122.5646856,45.44249389,391.00,0.00,0.00,78.00,0.20,5.00,0.01,13.00,0.03,53.00,0.14,193.00,0.49,49.00,0.12532,66.00,0.17,0.007,1.028541365,0.025649794,0.026381874
Oak Grove Elementary,3342,NonCharter,2150 SE Torbank Rd,Milwaukie,OR,97222,North Clackamas SD 12,1924,CLACKAMAS,5,-122.6421743,45.42453478,283.00,1.00,0.00,2.00,0.01,1.00,0.00,9.00,0.03,61.00,0.22,175.00,0.62,34.00,0.12014,70.00,0.25,0.004,0.744442983,0.015695065,0.011684081
Oregon Trail Elementary School,4766,NonCharter,13895 SE 152nd Dr,Clackamas,OR,97015,North Clackamas SD 12,1924,CLACKAMAS,5,-122.5080515,45.42197232,463.00,1.00,0.00,108.00,0.23,0.00,0.00,13.00,0.03,56.00,0.12,222.00,0.48,63.00,0.13607,69.00,0.15,0.011,1.217940287,0.044479859,0.054173812
Riverside Elementary School,76,NonCharter,16303 SE River Rd,Milwaukie,OR,97267,North Clackamas SD 12,1924,CLACKAMAS,5,-122.6393815,45.40439763,331.00,0.00,0.00,2.00,0.01,7.00,0.02,1.00,0.00,103.00,0.31,201.00,0.61,17.00,0.05136,104.00,0.31,0.013,0.870708931,0.052458439,0.045676031
Scouters Mountain Elementary,4713,NonCharter,10811 SE 172nd Ave,Happy Valley,OR,97086,North Clackamas SD 12,1924,CLACKAMAS,5,-122.48804,45.44373908,546.00,1.00,0.00,177.00,0.32,2.00,0.00,12.00,0.02,60.00,0.11,217.00,0.40,77.00,0.14103,72.00,0.13,0.017,1.436275155,0.066893099,0.096076896
Sojourner School,2733,NonCharter,11909 SE Linwood Ave,Milwaukie,OR,97222,North Clackamas SD 12,1924,CLACKAMAS,5,-122.599958,45.43653488,159.00,0.00,0.00,2.00,0.01,0.00,0.00,0.00,0.00,16.00,0.10,128.00,0.81,13.00,0.08176,16.00,0.10,0.007,0.418255952,0.027134794,0.011349289
Spring Mountain Elementary School,3198,NonCharter,11645 SE Masa Ln,Happy Valley,OR,97086,North Clackamas SD 12,1924,CLACKAMAS,5,-122.5348232,45.437366,369.00,4.00,0.01,47.00,0.13,1.00,0.00,12.00,0.03,61.00,0.17,203.00,0.55,41.00,0.11111,73.00,0.20,0.002,0.970669473,0.007695404,0.007469694
Sunnyside Elementary School,78,NonCharter,13401 SE 132nd Ave,Clackamas,OR,97015,North Clackamas SD 12,1924,CLACKAMAS,5,-122.5289692,45.42539136,427.00,0.00,0.00,71.00,0.17,2.00,0.00,9.00,0.02,74.00,0.17,224.00,0.52,47.00,0.11007,83.00,0.19,0.003,1.123240826,0.011177026,0.012554491
Verne A Duncan Elementary School,4714,NonCharter,14898 SE Parklane Dr,Happy Valley,OR,97015,North Clackamas SD 12,1924,CLACKAMAS,5,-122.4875051,45.41521208,407.00,1.00,0.00,22.00,0.05,0.00,0.00,4.00,0.01,85.00,0.21,244.00,0.60,51.00,0.12531,89.00,0.22,0.001,1.070630014,0.004584729,0.004908549
View Acres Elementary School,79,NonCharter,4828 SE View Acres Rd,Milwaukie,OR,97267,North Clackamas SD 12,1924,CLACKAMAS,5,-122.6130971,45.41742187,378.00,0.00,0.00,4.00,0.01,1.00,0.00,6.00,0.02,52.00,0.14,288.00,0.76,27.00,0.07143,58.00,0.15,0.009,0.994344338,0.03374432,0.033553473
Whitcomb Elementary School,72,NonCharter,7400 SE Thompson Rd,Milwaukie,OR,97222,North Clackamas SD 12,1924,CLACKAMAS,5,-122.5871937,45.44282649,403.00,0.00,0.00,16.00,0.04,3.00,0.01,24.00,0.06,173.00,0.43,153.00,0.38,34.00,0.08437,197.00,0.49,0.044,1.060107852,0.172331733,0.182690224
Alliance Charter Academy,4585,Charter,16075 S Front Ave,Oregon City,OR,97045,Oregon City SD 62,1928,CLACKAMAS,5,-122.5791922,45.3736649,368.00,6.00,0.02,3.00,0.01,1.00,0.00,3.00,0.01,28.00,0.08,298.00,0.81,29.00,0.0788,31.00,0.08,0.029,0.840422495,0.084630208,0.071125131
Beavercreek Elementary School,105,NonCharter,21944 S Yeoman Rd,Beavercreek,OR,97004,Oregon City SD 62,1928,CLACKAMAS,5,-122.5172648,45.28871804,465.00,3.00,0.01,6.00,0.01,0.00,0.00,2.00,0.00,54.00,0.12,367.00,0.79,33.00,0.07097,56.00,0.12,0.018,1.061946903,0.053753313,0.057083164
Candy Lane Elementary School,106,NonCharter,5901 SE Hull St,Milwaukie,OR,97267,Oregon City SD 62,1928,CLACKAMAS,5,-122.6026235,45.39290613,388.00,1.00,0.00,2.00,0.01,0.00,0.00,2.00,0.01,191.00,0.49,163.00,0.42,29.00,0.07474,193.00,0.50,0.142,0.886097631,0.417416824,0.369872059
Gaffney Lane Elementary School,109,NonCharter,13521 S Gaffney Ln,Oregon City,OR,97045,Oregon City SD 62,1928,CLACKAMAS,5,-122.5904601,45.32520881,445.00,1.00,0.00,2.00,0.00,1.00,0.00,9.00,0.02,87.00,0.20,320.00,0.72,25.00,0.05618,96.00,0.22,0.028,1.016271767,0.082583176,0.08392695
Holcomb Elementary School,107,NonCharter,14625 S Holcomb Blvd,Oregon City,OR,97045,Oregon City SD 62,1928,CLACKAMAS,5,-122.5650697,45.37426431,528.00,1.00,0.00,6.00,0.01,6.00,0.01,6.00,0.01,51.00,0.10,406.00,0.77,52.00,0.09848,57.00,0.11,0.028,1.20582358,0.081853317,0.09870066
John McLoughlin Elementary School,114,NonCharter,19230 S End Rd,Oregon City,OR,97045,Oregon City SD 62,1928,CLACKAMAS,5,-122.6291192,45.32800675,615.00,3.00,0.00,11.00,0.02,1.00,0.00,2.00,0.00,31.00,0.05,507.00,0.82,60.00,0.09756,33.00,0.05,0.069,1.40451042,0.200869876,0.282123834
Redland Elementary School,139,NonCharter,18131 S Redland Rd,Oregon City,OR,97045,Oregon City SD 62,1928,CLACKAMAS,5,-122.4926483,45.34579662,496.00,2.00,0.00,8.00,0.02,2.00,0.00,4.00,0.01,62.00,0.13,382.00,0.77,36.00,0.07258,66.00,0.13,0.013,1.132743363,0.03753223,0.042514385
Springwater Environmental Sciences School,4480,Charter,16491 S Springwater Rd,Oregon City,OR,97045,Oregon City SD 62,1928,CLACKAMAS,5,-122.4667886,45.366795,198.00,0.00,0.00,3.00,0.02,0.00,0.00,0.00,0.00,18.00,0.09,163.00,0.82,14.00,0.07071,18.00,0.09,0.014,0.452183842,0.041361055,0.018702801
Prescott Elementary School,925,NonCharter,10410 NE Prescott St,Portland,OR,97220,Parkrose SD 3,2181,MULTNOMAH,51,-122.5556919,45.55509049,266.00,1.00,0.00,12.00,0.05,14.00,0.05,50.00,0.19,75.00,0.28,83.00,0.31,31.00,0.11654,125.00,0.47,0.001,0.965517241,0.012647209,0.012211099
Russell Elementary,926,NonCharter,2700 NE 127th Ave,Portland,OR,97230,Parkrose SD 3,2181,MULTNOMAH,51,-122.5312506,45.54156148,327.00,0.00,0.00,30.00,0.09,4.00,0.01,45.00,0.14,105.00,0.32,118.00,0.36,25.00,0.07645,150.00,0.46,0.006,1.186932849,0.087864823,0.104289645
Sacramento Elementary School,927,NonCharter,11400 NE Sacramento St,Portland,OR,97220,Parkrose SD 3,2181,MULTNOMAH,51,-122.545038,45.53906429,217.00,1.00,0.00,19.00,0.09,5.00,0.02,20.00,0.09,67.00,0.31,73.00,0.34,32.00,0.14747,87.00,0.40,0.027,0.787658802,0.412135177,0.3246219
Shaver Elementary School,928,NonCharter,3701 NE 131st Pl,Portland,OR,97230,Parkrose SD 3,2181,MULTNOMAH,51,-122.5284678,45.54948038,292.00,1.00,0.00,16.00,0.05,21.00,0.07,76.00,0.26,78.00,0.27,72.00,0.25,28.00,0.09589,154.00,0.53,0.031,1.059891107,0.487352791,0.516540889
Abernethy Elementary School,822,NonCharter,2421 SE Orange Ave,Portland,OR,97214,Portland SD 1J,2180,MULTNOMAH,51,-122.651415,45.50585959,353.00,0.00,0.00,9.00,0.03,0.00,0.00,2.00,0.01,26.00,0.07,283.00,0.80,33.00,0.09348,28.00,0.08,0.007,0.972539632,0.017615468,0.017131741
Ainsworth Elementary School,823,NonCharter,2425 SW Vista Ave,Portland,OR,97201,Portland SD 1J,2180,MULTNOMAH,51,-122.6996227,45.50977832,563.00,3.00,0.01,34.00,0.06,0.00,0.00,6.00,0.01,113.00,0.20,353.00,0.63,54.00,0.09591,119.00,0.21,0.002,1.551104286,0.00527044,0.008175002
Alameda Elementary School,824,NonCharter,2732 NE Fremont St,Portland,OR,97212,Portland SD 1J,2180,MULTNOMAH,51,-122.6373535,45.54784453,538.00,2.00,0.00,8.00,0.01,0.00,0.00,6.00,0.01,39.00,0.07,420.00,0.78,63.00,0.1171,45.00,0.08,0.010,1.482227542,0.026133317,0.038735523
Arleta Elementary School,826,NonCharter,5109 SE 66th Ave,Portland,OR,97206,Portland SD 1J,2180,MULTNOMAH,51,-122.5962865,45.48623431,256.00,2.00,0.01,19.00,0.07,3.00,0.01,11.00,0.04,28.00,0.11,159.00,0.62,34.00,0.13281,39.00,0.15,0.003,0.705297864,0.007035568,0.004962171
Astor Elementary School,827,NonCharter,5601 N Yale St,Portland,OR,97203,Portland SD 1J,2180,MULTNOMAH,51,-122.7297055,45.57868395,368.00,6.00,0.02,5.00,0.01,0.00,0.00,16.00,0.04,63.00,0.17,220.00,0.60,58.00,0.15761,79.00,0.21,0.001,1.013865679,0.00307143,0.003114018
Atkinson Elementary School,828,NonCharter,5800 SE Division St,Portland,OR,97206,Portland SD 1J,2180,MULTNOMAH,51,-122.6046734,45.50504853,337.00,1.00,0.00,3.00,0.01,0.00,0.00,4.00,0.01,106.00,0.31,209.00,0.62,14.00,0.04154,110.00,0.33,0.004,0.928458516,0.008747991,0.008122146
Beach Elementary School,830,NonCharter,1710 N Humboldt St,Portland,OR,97217,Portland SD 1J,2180,MULTNOMAH,51,-122.6855778,45.55814909,346.00,0.00,0.00,2.00,0.01,0.00,0.00,37.00,0.11,80.00,0.23,196.00,0.57,31.00,0.0896,117.00,0.34,0.004,0.953254144,0.010228815,0.009750661
Beverly Cleary School - Fernwood Campus,857,NonCharter,1915 NE 33rd,Portland,OR,97212,Portland SD 1J,2180,MULTNOMAH,51,-122.6311032,45.53697597,604.00,3.00,0.00,13.00,0.02,1.00,0.00,12.00,0.02,42.00,0.07,462.00,0.76,71.00,0.11755,54.00,0.09,0.011,1.664062147,0.028270982,0.04704467
Beverly Cleary School - Hollyrood Campus,857,NonCharter,3560 NE Hollyrood Ct,Portland,OR,97212,Portland SD 1J,2180,MULTNOMAH,51,-122.6270411,45.54120712,604.00,3.00,0.00,13.00,0.02,1.00,0.00,12.00,0.02,42.00,0.07,462.00,0.76,71.00,0.11755,54.00,0.09,0.011,1.664062147,0.028270982,0.04704467
Boise-Eliot Elementary School,833,NonCharter,620 N Fremont,Portland,OR,97227,Portland SD 1J,2180,MULTNOMAH,51,-122.6728242,45.54787053,326.00,3.00,0.01,7.00,0.02,0.00,0.00,137.00,0.42,55.00,0.17,73.00,0.22,51.00,0.15644,192.00,0.59,0.014,0.898152748,0.034740175,0.031201984
Bridger Elementary School,834,NonCharter,7910 SE Market St,Portland,OR,97215,Portland SD 1J,2180,MULTNOMAH,51,-122.5821348,45.51058304,329.00,3.00,0.01,7.00,0.02,5.00,0.02,16.00,0.05,98.00,0.30,168.00,0.51,32.00,0.09726,114.00,0.35,0.004,0.906417958,0.010570096,0.009580925
Bridlemile Elementary School,835,NonCharter,4300 SW 47th Dr,Portland,OR,97221,Portland SD 1J,2180,MULTNOMAH,51,-122.7243893,45.49192405,458.00,1.00,0.00,20.00,0.04,3.00,0.01,11.00,0.02,39.00,0.09,325.00,0.71,59.00,0.12882,50.00,0.11,0.007,1.261821959,0.01865785,0.023542885
Buckman Elementary School,837,NonCharter,320 SE 16th Ave,Portland,OR,97214,Portland SD 1J,2180,MULTNOMAH,51,-122.648732,45.52045329,395.00,4.00,0.01,4.00,0.01,0.00,0.00,13.00,0.03,52.00,0.13,271.00,0.69,51.00,0.12911,65.00,0.16,0.004,1.088252563,0.009374546,0.010201873
Capitol Hill Elementary School,838,NonCharter,8401 SW 17th Ave,Portland,OR,97219,Portland SD 1J,2180,MULTNOMAH,51,-122.6955237,45.46431146,333.00,0.00,0.00,8.00,0.02,0.00,0.00,11.00,0.03,27.00,0.08,247.00,0.74,40.00,0.12012,38.00,0.11,0.005,0.917438237,0.013060204,0.01198193
Cesar Chavez K-8 School,841,NonCharter,5103 N Willis Blvd,Portland,OR,97203,Portland SD 1J,2180,MULTNOMAH,51,-122.7194393,45.58452159,466.00,1.00,0.00,6.00,0.01,8.00,0.02,68.00,0.15,270.00,0.58,90.00,0.19,23.00,0.04936,338.00,0.73,0.028,1.283862518,0.069168966,0.088803442
Chapman Elementary School,839,NonCharter,1445 NW 26th Ave,Portland,OR,97210,Portland SD 1J,2180,MULTNOMAH,51,-122.7055948,45.53321866,350.00,5.00,0.01,13.00,0.04,1.00,0.00,21.00,0.06,61.00,0.17,191.00,0.55,58.00,0.16571,82.00,0.23,0.000,0.964274423,0.000813794,0.00078472
Chief Joseph Elementary School,840,NonCharter,2409 N Saratoga St,Portland,OR,97217,Portland SD 1J,2180,MULTNOMAH,51,-122.6913712,45.57292305,261.00,2.00,0.01,4.00,0.02,4.00,0.02,15.00,0.06,36.00,0.14,171.00,0.66,29.00,0.11111,51.00,0.20,0.001,0.719073213,0.00372264,0.002676851
Creston Elementary School,843,NonCharter,4701 SE Bush St,Portland,OR,97206,Portland SD 1J,2180,MULTNOMAH,51,-122.6138523,45.49544972,260.00,4.00,0.02,11.00,0.04,2.00,0.01,7.00,0.03,36.00,0.14,179.00,0.69,21.00,0.08077,43.00,0.17,0.002,0.716318143,0.00610452,0.004372778
Duniway Elementary School,844,NonCharter,7700 SE Reed College Pl,Portland,OR,97202,Portland SD 1J,2180,MULTNOMAH,51,-122.6289892,45.46850676,422.00,0.00,0.00,15.00,0.04,0.00,0.00,3.00,0.01,25.00,0.06,345.00,0.82,34.00,0.08057,28.00,0.07,0.009,1.162639447,0.022739048,0.026437315
Emerson School,3991,Charter,105 NW Park Ave,Portland,OR,97209,Portland SD 1J,2180,MULTNOMAH,51,-122.6794341,45.5239598,106.00,0.00,0.00,5.00,0.05,0.00,0.00,2.00,0.02,8.00,0.08,75.00,0.71,16.00,0.15094,10.00,0.09,0.002,0.292037397,0.004800839,0.001402025
Faubion Elementary School,847,NonCharter,2930 NE Dekum St,Portland,OR,97211,Portland SD 1J,2180,MULTNOMAH,51,-122.6344628,45.57067045,610.00,6.00,0.01,13.00,0.02,11.00,0.02,161.00,0.26,171.00,0.28,160.00,0.26,88.00,0.14426,332.00,0.54,0.023,1.680592566,0.056634175,0.095178974
Forest Park Elementary School,2413,NonCharter,9935 NW Durrett St,Portland,OR,97229,Portland SD 1J,2180,MULTNOMAH,51,-122.7777667,45.54250677,328.00,0.00,0.00,80.00,0.24,0.00,0.00,7.00,0.02,16.00,0.05,182.00,0.55,43.00,0.1311,23.00,0.07,0.007,0.903662888,0.017294183,0.015628111
Glencoe Elementary School,850,NonCharter,825 SE 51st Ave,Portland,OR,97215,Portland SD 1J,2180,MULTNOMAH,51,-122.6107926,45.5171951,394.00,0.00,0.00,7.00,0.02,0.00,0.00,19.00,0.05,40.00,0.10,281.00,0.71,47.00,0.11929,59.00,0.15,0.004,1.085497493,0.011142392,0.012095039
Grout Elementary School,854,NonCharter,3119 SE Holgate Blvd,Portland,OR,97202,Portland SD 1J,2180,MULTNOMAH,51,-122.6332967,45.4908968,316.00,3.00,0.01,38.00,0.12,7.00,0.02,13.00,0.04,39.00,0.12,182.00,0.58,34.00,0.10759,52.00,0.16,0.003,0.87060205,0.007499636,0.006529199
Harrison Park School,842,NonCharter,2225 SE 87th Ave,Portland,OR,97216,Portland SD 1J,2180,MULTNOMAH,51,-122.5749987,45.50679641,573.00,5.00,0.01,133.00,0.23,35.00,0.06,137.00,0.24,90.00,0.16,101.00,0.18,72.00,0.12565,227.00,0.40,0.011,1.578654984,0.027144833,0.042852325
Hayhurst Elementary School,855,NonCharter,5037 SW Iowa St,Portland,OR,97221,Portland SD 1J,2180,MULTNOMAH,51,-122.7290127,45.48032605,575.00,2.00,0.00,12.00,0.02,0.00,0.00,26.00,0.05,41.00,0.07,414.00,0.72,80.00,0.13913,67.00,0.12,0.009,1.584165124,0.022126374,0.03505183
Irvington Elementary School,861,NonCharter,1320 NE Brazee St,Portland,OR,97212,Portland SD 1J,2180,MULTNOMAH,51,-122.6520852,45.54021375,228.00,0.00,0.00,2.00,0.01,0.00,0.00,16.00,0.07,27.00,0.12,152.00,0.67,31.00,0.13596,43.00,0.19,0.001,0.62815591,0.003728367,0.002341996
James John Elementary School,862,NonCharter,7439 N Charleston Ave,Portland,OR,97203,Portland SD 1J,2180,MULTNOMAH,51,-122.7519522,45.59043174,337.00,1.00,0.00,3.00,0.01,4.00,0.01,30.00,0.09,143.00,0.42,125.00,0.37,31.00,0.09199,173.00,0.51,0.011,0.928458516,0.028090052,0.026080448
Kairos PDX,5218,Charter,3635 N Williams,Portland,OR,97227,Portland SD 1J,2180,MULTNOMAH,51,-122.6672984,45.54927547,245.00,1.00,0.00,2.00,0.01,1.00,0.00,124.00,0.51,26.00,0.11,52.00,0.21,39.00,0.15918,150.00,0.61,0.011,0.674992096,0.027860105,0.018805351
Kelly Elementary School,864,NonCharter,9030 SE Cooper St,Portland,OR,97266,Portland SD 1J,2180,MULTNOMAH,51,-122.570384,45.47294097,355.00,1.00,0.00,30.00,0.08,12.00,0.03,33.00,0.09,74.00,0.21,180.00,0.51,25.00,0.07042,107.00,0.30,0.003,0.978049772,0.006490354,0.006347889
Laurelhurst Elementary School,868,NonCharter,840 NE 41st Ave,Portland,OR,97232,Portland SD 1J,2180,MULTNOMAH,51,-122.6198661,45.52913741,674.00,1.00,0.00,16.00,0.02,0.00,0.00,10.00,0.01,42.00,0.06,525.00,0.78,80.00,0.11869,52.00,0.08,0.014,1.856917032,0.03408285,0.063289026
Le Monde French Immersion Public Charter School,5060,Charter,2044 E Burnside St,Portland,OR,97214,Portland SD 1J,2180,MULTNOMAH,51,-122.6446072,45.5225865,381.00,2.00,0.01,5.00,0.01,0.00,0.00,11.00,0.03,17.00,0.04,303.00,0.80,43.00,0.11286,28.00,0.07,0.008,1.049681586,0.019694602,0.020673061
Lee Elementary School,869,NonCharter,2222 NE 92nd Ave,Portland,OR,97220,Portland SD 1J,2180,MULTNOMAH,51,-122.5676603,45.53812869,274.00,0.00,0.00,45.00,0.16,8.00,0.03,31.00,0.11,57.00,0.21,107.00,0.39,26.00,0.09489,88.00,0.32,0.003,0.75488912,0.006671671,0.005036372
Lent Elementary School,870,NonCharter,5105 SE 97th Ave,Portland,OR,97266,Portland SD 1J,2180,MULTNOMAH,51,-122.5641959,45.48532513,251.00,0.00,0.00,20.00,0.08,1.00,0.00,24.00,0.10,121.00,0.48,64.00,0.25,21.00,0.08367,145.00,0.58,0.010,0.691522515,0.025879492,0.017896251
Lewis Elementary School,871,NonCharter,4401 SE Evergreen St,Portland,OR,97206,Portland SD 1J,2180,MULTNOMAH,51,-122.6179662,45.47370035,320.00,0.00,0.00,10.00,0.03,0.00,0.00,2.00,0.01,30.00,0.09,241.00,0.75,37.00,0.11563,32.00,0.10,0.006,0.88162233,0.013936993,0.012287164
Llewellyn Elementary School,872,NonCharter,6301 SE 14th Ave,Portland,OR,97202,Portland SD 1J,2180,MULTNOMAH,51,-122.6522122,45.47715941,413.00,1.00,0.00,6.00,0.01,0.00,0.00,2.00,0.00,49.00,0.12,309.00,0.75,46.00,0.11138,51.00,0.12,0.006,1.137843819,0.015009368,0.017078316
Maplewood Elementary School,873,NonCharter,7452 SW 52nd Ave,Portland,OR,97219,Portland SD 1J,2180,MULTNOMAH,51,-122.729892,45.47090446,310.00,0.00,0.00,5.00,0.02,0.00,0.00,4.00,0.01,36.00,0.12,229.00,0.74,36.00,0.11613,40.00,0.13,0.004,0.854071632,0.01073831,0.009171286
Markham Elementary School,1278,NonCharter,10531 SW Capitol Hwy,Portland,OR,97219,Portland SD 1J,2180,MULTNOMAH,51,-122.7255058,45.44921594,426.00,3.00,0.01,19.00,0.04,7.00,0.02,66.00,0.15,46.00,0.11,238.00,0.56,47.00,0.11033,112.00,0.26,0.001,1.173659726,0.002753348,0.003231494
Martin Luther King Jr. School,866,NonCharter,4906 NE 6th Ave,Portland,OR,97211,Portland SD 1J,2180,MULTNOMAH,51,-122.6590959,45.55808001,302.00,1.00,0.00,18.00,0.06,5.00,0.02,78.00,0.26,59.00,0.20,93.00,0.31,48.00,0.15894,137.00,0.45,0.008,0.832031074,0.019636363,0.016338064
Marysville Elementary School,875,NonCharter,7733 SE Raymond St,Portland,OR,97206,Portland SD 1J,2180,MULTNOMAH,51,-122.5835546,45.48691673,286.00,5.00,0.02,26.00,0.09,10.00,0.03,17.00,0.06,62.00,0.22,128.00,0.45,38.00,0.13287,79.00,0.28,0.001,0.787949957,0.003017462,0.002377609
Peninsula Elementary School,879,NonCharter,8125 N Emerald Ave,Portland,OR,97217,Portland SD 1J,2180,MULTNOMAH,51,-122.700306,45.58218512,225.00,3.00,0.01,7.00,0.03,0.00,0.00,24.00,0.11,38.00,0.17,116.00,0.52,37.00,0.16444,62.00,0.28,0.001,0.619890701,0.002327718,0.001442931
Portland Arthur Academy Charter School,4400,Charter,7507 SE Yamhill St,Portland,OR,97215,Portland SD 1J,2180,MULTNOMAH,51,-122.5858098,45.51652398,150.00,1.00,0.01,39.00,0.26,0.00,0.00,18.00,0.12,15.00,0.10,64.00,0.43,13.00,0.08667,33.00,0.22,0.000,0.413260467,0.001006662,0.000416014
Portland Village School,4534,Charter,7654 N Delaware St,Portland,OR,97217,Portland SD 1J,2180,MULTNOMAH,51,-122.6919532,45.57865804,410.00,0.00,0.00,5.00,0.01,2.00,0.00,7.00,0.02,53.00,0.13,312.00,0.76,31.00,0.07561,60.00,0.15,0.005,1.12957861,0.012023452,0.013581434
Richmond Elementary School,883,NonCharter,2276 SE 41st Ave,Portland,OR,97214,Portland SD 1J,2180,MULTNOMAH,51,-122.6199052,45.50643688,539.00,0.00,0.00,50.00,0.09,0.00,0.00,6.00,0.01,28.00,0.05,237.00,0.44,218.00,0.40445,34.00,0.06,0.012,1.484982611,0.029584758,0.04393285
Rieke Elementary School,1299,NonCharter,1405 SW Vermont,Portland,OR,97219,Portland SD 1J,2180,MULTNOMAH,51,-122.6949689,45.4764889,300.00,1.00,0.00,3.00,0.01,0.00,0.00,12.00,0.04,29.00,0.10,233.00,0.78,22.00,0.07333,41.00,0.14,0.004,0.826520934,0.009688745,0.008007951
Rigler Elementary School,884,NonCharter,5401 NE Prescott St,Portland,OR,97218,Portland SD 1J,2180,MULTNOMAH,51,-122.6078129,45.55596101,223.00,0.00,0.00,2.00,0.01,1.00,0.00,5.00,0.02,139.00,0.62,68.00,0.30,8.00,0.03587,144.00,0.65,0.011,0.614380561,0.027651609,0.016988611
Rosa Parks Elementary School,829,NonCharter,8960 N Woolsey Ave,Portland,OR,97203,Portland SD 1J,2180,MULTNOMAH,51,-122.7130237,45.58782773,197.00,1.00,0.01,1.00,0.01,6.00,0.03,67.00,0.34,76.00,0.39,18.00,0.09,28.00,0.14213,143.00,0.73,0.012,0.542748747,0.029275217,0.015889087
Rose City Park,5427,NonCharter,2334 NE 57th Ave,Portland,OR,97212,Portland SD 1J,2180,MULTNOMAH,51,-122.6041121,45.53936715,467.00,2.00,0.00,114.00,0.24,8.00,0.02,15.00,0.03,35.00,0.07,242.00,0.52,51.00,0.10921,50.00,0.11,0.008,1.286617587,0.019326143,0.024865356
Sabin Elementary School,886,NonCharter,4013 NE 18th Ave,Portland,OR,97212,Portland SD 1J,2180,MULTNOMAH,51,-122.6478574,45.55217942,312.00,3.00,0.01,3.00,0.01,0.00,0.00,44.00,0.14,28.00,0.09,206.00,0.66,28.00,0.08974,72.00,0.23,0.000,0.859581771,0.00106228,0.000913117
Scott Elementary School,887,NonCharter,6700 NE Prescott St,Portland,OR,97218,Portland SD 1J,2180,MULTNOMAH,51,-122.5943055,45.55519246,450.00,6.00,0.01,15.00,0.03,7.00,0.02,52.00,0.12,167.00,0.37,163.00,0.36,40.00,0.08889,219.00,0.49,0.014,1.239781401,0.033822037,0.041931932
Sitton Elementary School,889,NonCharter,9930 N Smith St,Portland,OR,97203,Portland SD 1J,2180,MULTNOMAH,51,-122.7583503,45.60003474,345.00,3.00,0.01,7.00,0.02,2.00,0.01,40.00,0.12,141.00,0.41,104.00,0.30,48.00,0.13913,181.00,0.52,0.012,0.950499074,0.029952149,0.02846949
Skyline Elementary School,890,NonCharter,11536 NW Skyline Blvd,Portland,OR,97231,Portland SD 1J,2180,MULTNOMAH,51,-122.8565661,45.60752093,215.00,1.00,0.00,8.00,0.04,1.00,0.00,0.00,0.00,26.00,0.12,151.00,0.70,28.00,0.13023,26.00,0.12,0.003,0.592340003,0.007982341,0.00472826
Stephenson Elementary School,892,NonCharter,2627 SW Stephenson St,Portland,OR,97219,Portland SD 1J,2180,MULTNOMAH,51,-122.7040455,45.44100753,307.00,0.00,0.00,9.00,0.03,1.00,0.00,5.00,0.02,22.00,0.07,234.00,0.76,36.00,0.11726,27.00,0.09,0.006,0.845806422,0.014506765,0.012269915
Sunnyside Environmental School,893,NonCharter,3421 SE Salmon St,Portland,OR,97214,Portland SD 1J,2180,MULTNOMAH,51,-122.628987,45.51455439,465.00,0.00,0.00,4.00,0.01,1.00,0.00,10.00,0.02,51.00,0.11,334.00,0.72,65.00,0.13978,61.00,0.13,0.006,1.281107448,0.015800448,0.020242072
Vernon Elementary School,895,NonCharter,2044 NE Killingsworth St,Portland,OR,97211,Portland SD 1J,2180,MULTNOMAH,51,-122.6438874,45.56243336,555.00,7.00,0.01,6.00,0.01,2.00,0.00,80.00,0.14,76.00,0.14,309.00,0.56,75.00,0.13514,156.00,0.28,0.003,1.529063728,0.006683222,0.010219072
Vestal Elementary School,896,NonCharter,161 NE 82nd Ave,Portland,OR,97220,Portland SD 1J,2180,MULTNOMAH,51,-122.5796472,45.52457318,230.00,1.00,0.00,24.00,0.10,4.00,0.02,26.00,0.11,36.00,0.16,97.00,0.42,42.00,0.18261,62.00,0.27,0.001,0.633666049,0.001956444,0.001239732
Whitman Elementary School,900,NonCharter,7326 SE Flavel St,Portland,OR,97206,Portland SD 1J,2180,MULTNOMAH,51,-122.587309,45.46811016,153.00,4.00,0.03,15.00,0.10,4.00,0.03,11.00,0.07,45.00,0.29,48.00,0.31,26.00,0.16993,56.00,0.37,0.002,0.421525676,0.005831961,0.002458321
Winterhaven School,1364,NonCharter,3830 SE 14th Ave,Portland,OR,97202,Portland SD 1J,2180,MULTNOMAH,51,-122.6509431,45.49491557,313.00,0.00,0.00,12.00,0.04,0.00,0.00,6.00,0.02,20.00,0.06,234.00,0.75,41.00,0.13099,26.00,0.08,0.006,0.862336841,0.01525931,0.013158665
Woodlawn Elementary School,902,NonCharter,7200 NE 11th Ave,Portland,OR,97211,Portland SD 1J,2180,MULTNOMAH,51,-122.6533236,45.57494256,287.00,0.00,0.00,4.00,0.01,3.00,0.01,73.00,0.25,55.00,0.19,103.00,0.36,49.00,0.17073,128.00,0.45,0.007,0.790705027,0.017987033,0.014222438
Woodmere Elementary School,903,NonCharter,7900 SE Duke St,Portland,OR,97206,Portland SD 1J,2180,MULTNOMAH,51,-122.582378,45.47508329,234.00,1.00,0.00,27.00,0.12,3.00,0.01,24.00,0.10,55.00,0.24,104.00,0.44,20.00,0.08547,79.00,0.34,0.003,0.644686329,0.006878711,0.004434611
Woodstock Elementary School,904,NonCharter,5601 SE 50th Ave,Portland,OR,97206,Portland SD 1J,2180,MULTNOMAH,51,-122.6120882,45.48207794,491.00,0.00,0.00,115.00,0.23,2.00,0.00,3.00,0.01,39.00,0.08,240.00,0.49,92.00,0.18737,42.00,0.09,0.009,1.352739262,0.023564393,0.031876479
Alder Elementary School,943,NonCharter,17200 SE Alder St,Portland,OR,97233,Reynolds SD 7,2182,MULTNOMAH,51,-122.4865006,45.51733408,388.00,4.00,0.01,44.00,0.11,17.00,0.04,54.00,0.14,205.00,0.53,41.00,0.11,23.00,0.05928,259.00,0.67,0.023,1.086834734,0.098737956,0.107311841
Davis Elementary School,949,NonCharter,19501 NE Davis St,Portland,OR,97230,Reynolds SD 7,2182,MULTNOMAH,51,-122.462155,45.52348949,373.00,3.00,0.01,25.00,0.07,12.00,0.03,45.00,0.12,188.00,0.50,74.00,0.20,26.00,0.06971,233.00,0.62,0.015,1.044817927,0.067039264,0.070043825
Fairview Elementary School,945,NonCharter,225 Main St,Fairview,OR,97024,Reynolds SD 7,2182,MULTNOMAH,51,-122.4365273,45.53962223,299.00,5.00,0.02,5.00,0.02,9.00,0.03,23.00,0.08,115.00,0.38,115.00,0.38,27.00,0.0903,138.00,0.46,0.007,0.837535014,0.031323932,0.026234889
Glenfair Elementary School,946,NonCharter,15300 NE Glisan St,Portland,OR,97230,Reynolds SD 7,2182,MULTNOMAH,51,-122.5058102,45.52609071,429.00,6.00,0.01,43.00,0.10,23.00,0.05,68.00,0.16,167.00,0.39,76.00,0.18,46.00,0.10723,235.00,0.55,0.005,1.201680672,0.019584916,0.023534815
Hartley Elementary School,947,NonCharter,701 NE 185th Ave,Portland,OR,97230,Reynolds SD 7,2182,MULTNOMAH,51,-122.4720956,45.52827463,325.00,1.00,0.00,18.00,0.06,6.00,0.02,42.00,0.13,174.00,0.54,45.00,0.14,39.00,0.12,216.00,0.66,0.019,0.910364146,0.081056155,0.073790618
Margaret Scott Elementary School,948,NonCharter,14700 NE Sacramento St,Portland,OR,97230,Reynolds SD 7,2182,MULTNOMAH,51,-122.5117219,45.53900299,322.00,3.00,0.01,37.00,0.11,19.00,0.06,76.00,0.24,100.00,0.31,54.00,0.17,33.00,0.10248,176.00,0.55,0.003,0.901960784,0.014025266,0.01265024
Multnomah Learning Academy,3490,Charter,22565 NE Halsey St,Fairview,OR,97024,Reynolds SD 7,2182,MULTNOMAH,51,-122.4309466,45.5360025,567.00,9.00,0.02,30.00,0.05,2.00,0.00,34.00,0.06,146.00,0.26,297.00,0.52,49.00,0.08642,180.00,0.32,0.046,1.588235294,0.201871501,0.320619443
Reynolds Arthur Academy,4216,Charter,123 SW 21st Ave,Troutdale,OR,97060,Reynolds SD 7,2182,MULTNOMAH,51,-122.3886831,45.5273035,173.00,4.00,0.02,14.00,0.08,1.00,0.01,4.00,0.02,42.00,0.24,97.00,0.56,11.00,0.06358,46.00,0.27,0.018,0.484593838,0.077151525,0.037387153
Rockwood Preparatory Academy,4822,Charter,740 SE 182nd Ave,Portland,OR,97233,Reynolds SD 7,2182,MULTNOMAH,51,-122.4742968,45.51753614,351.00,4.00,0.01,14.00,0.04,6.00,0.02,44.00,0.13,193.00,0.55,67.00,0.19,23.00,0.06553,237.00,0.68,0.022,0.983193277,0.094028323,0.092448015
Salish Ponds Elementary School,3989,NonCharter,1210 NE 201st Ave,Fairview,OR,97024,Reynolds SD 7,2182,MULTNOMAH,51,-122.4526154,45.52968313,314.00,0.00,0.00,15.00,0.05,17.00,0.05,26.00,0.08,173.00,0.55,68.00,0.22,15.00,0.04777,199.00,0.63,0.014,0.879551821,0.061414712,0.054017421
Sweetbriar Elementary School,950,NonCharter,501 SE Sweetbriar Ln,Troutdale,OR,97060,Reynolds SD 7,2182,MULTNOMAH,51,-122.3823014,45.51612396,252.00,1.00,0.00,13.00,0.05,2.00,0.01,11.00,0.04,76.00,0.30,126.00,0.50,23.00,0.09127,87.00,0.35,0.018,0.705882353,0.077512677,0.054714831
Troutdale Elementary School,951,NonCharter,648 SE Harlow Avenue,Troutdale,OR,97060,Reynolds SD 7,2182,MULTNOMAH,51,-122.3860739,45.53660341,361.00,2.00,0.01,14.00,0.04,4.00,0.01,18.00,0.05,106.00,0.29,193.00,0.53,24.00,0.06648,124.00,0.34,0.026,1.011204482,0.112140366,0.11339684
Wilkes Elementary School,952,NonCharter,17020 NE Wilkes Rd,Portland,OR,97230,Reynolds SD 7,2182,MULTNOMAH,51,-122.4887135,45.5417947,443.00,1.00,0.00,48.00,0.11,31.00,0.07,76.00,0.17,183.00,0.41,73.00,0.16,31.00,0.06998,259.00,0.58,0.011,1.240896359,0.048705296,0.060438224
Woodland Elementary,1365,NonCharter,21607 NE Glisan Street,Fairview,OR,97024,Reynolds SD 7,2182,MULTNOMAH,51,-122.4405168,45.52903885,401.00,3.00,0.01,11.00,0.03,2.00,0.00,13.00,0.03,205.00,0.51,136.00,0.34,31.00,0.07731,218.00,0.54,0.004,1.1232493,0.015408112,0.017307151
Riverdale Grade School,985,NonCharter,11733 SW Breyman Ave,Portland,OR,97219,Riverdale SD 51J,2188,MULTNOMAH,51,-122.6561545,45.43987615,410.00,0.00,0.00,17.00,0.04,0.00,0.00,4.00,0.01,26.00,0.06,315.00,0.77,48.00,0.11707,30.00,0.07,,,,
Archer Glen Elementary School,1334,NonCharter,16155 SW Sunset Blvd,Sherwood,OR,97140,Sherwood SD 88J,2244,WASHINGTON,67,-122.8439433,45.35052877,331.00,0.00,0.00,12.00,0.04,5.00,0.02,3.00,0.01,31.00,0.09,267.00,0.81,13.00,0.03927,34.00,0.10,0.018,0.801452785,0.127222354,0.10196271
Edy Ridge Elementary School,4730,NonCharter,21472 SW Copper Terrace,Sherwood,OR,97140,Sherwood SD 88J,2244,WASHINGTON,67,-122.8638693,45.36511866,652.00,0.00,0.00,42.00,0.06,3.00,0.00,5.00,0.01,85.00,0.13,449.00,0.69,68.00,0.10429,90.00,0.14,0.014,1.578692494,0.101650468,0.160474831
J Clyde Hopkins Elementary School,1191,NonCharter,21920 SW Sherwood Blvd,Sherwood,OR,97140,Sherwood SD 88J,2244,WASHINGTON,67,-122.8432191,45.36149684,469.00,0.00,0.00,13.00,0.03,4.00,0.01,0.00,0.00,86.00,0.18,333.00,0.71,33.00,0.07036,86.00,0.18,0.057,1.13559322,0.398349532,0.452363028
Middleton Elementary School,3222,NonCharter,23505 SW Old Hwy 99W,Sherwood,OR,97140,Sherwood SD 88J,2244,WASHINGTON,67,-122.8689438,45.34922685,399.00,2.00,0.01,18.00,0.05,2.00,0.01,0.00,0.00,30.00,0.08,313.00,0.78,34.00,0.08521,30.00,0.08,0.046,0.966101695,0.321396824,0.310502016
Sherwood Charter School,4220,Charter,23264 SW Main St,Sherwood,OR,97140,Sherwood SD 88J,2244,WASHINGTON,67,-122.8404964,45.35119021,214.00,0.00,0.00,7.00,0.03,0.00,0.00,8.00,0.04,16.00,0.07,166.00,0.78,17.00,0.07944,24.00,0.11,0.007,0.518159806,0.051380823,0.026623477
Alberta Rider Elementary School,4364,NonCharter,14850 SW 132nd Ter,Tigard,OR,97224,Tigard-Tualatin SD 23J,2242,WASHINGTON,67,-122.8111605,45.41199625,504.00,1.00,0.00,60.00,0.12,7.00,0.01,25.00,0.05,100.00,0.20,249.00,0.49,62.00,0.12302,125.00,0.25,0.013,1.076295865,0.083908208,0.090310057
Bridgeport Elementary School,1135,NonCharter,5505 SW Borland Rd,Tualatin,OR,97062,Tigard-Tualatin SD 23J,2242,CLACKAMAS,5,-122.7326107,45.37846144,471.00,0.00,0.00,12.00,0.03,17.00,0.04,3.00,0.01,212.00,0.45,195.00,0.41,32.00,0.06794,215.00,0.46,0.033,1.005824112,0.211458176,0.212689732
Charles F Tigard Elementary School,1136,NonCharter,12850 SW Grant St,Tigard,OR,97223,Tigard-Tualatin SD 23J,2242,WASHINGTON,67,-122.7827011,45.4269688,475.00,1.00,0.00,14.00,0.03,21.00,0.04,12.00,0.03,142.00,0.30,241.00,0.51,44.00,0.09263,154.00,0.32,0.004,1.014366142,0.027771664,0.028170636
Deer Creek Elementary School,1369,NonCharter,16155 SW 131st Ave,Tigard,OR,97224,Tigard-Tualatin SD 23J,2242,WASHINGTON,67,-122.8132474,45.40245585,565.00,0.00,0.00,36.00,0.06,18.00,0.03,17.00,0.03,163.00,0.29,270.00,0.48,61.00,0.10796,180.00,0.32,0.004,1.206561833,0.023648385,0.028533239
Durham Elementary School,1138,NonCharter,7980 SW Durham Rd,Tigard,OR,97224,Tigard-Tualatin SD 23J,2242,WASHINGTON,67,-122.7597047,45.40285909,565.00,4.00,0.01,30.00,0.05,10.00,0.02,22.00,0.04,154.00,0.27,288.00,0.51,57.00,0.10088,176.00,0.31,0.002,1.206561833,0.011839095,0.0142846
Edward Byrom Elementary School,1142,NonCharter,21800 SW 91st Ave,Tualatin,OR,97062,Tigard-Tualatin SD 23J,2242,WASHINGTON,67,-122.7706697,45.36256988,418.00,1.00,0.00,13.00,0.03,15.00,0.04,3.00,0.01,91.00,0.22,258.00,0.62,37.00,0.08852,94.00,0.22,0.015,0.892642205,0.098141372,0.087605131
James Templeton Elementary School,1139,NonCharter,9500 SW Murdock St,Tigard,OR,97224,Tigard-Tualatin SD 23J,2242,WASHINGTON,67,-122.7738446,45.41301345,514.00,1.00,0.00,7.00,0.01,23.00,0.04,11.00,0.02,170.00,0.33,248.00,0.48,54.00,0.10506,181.00,0.35,0.011,1.097650942,0.072434786,0.079508111
Mary Woodward Elementary School,1137,NonCharter,12325 SW Katherine St,Tigard,OR,97223,Tigard-Tualatin SD 23J,2242,WASHINGTON,67,-122.8038571,45.43378099,481.00,0.00,0.00,43.00,0.09,0.00,0.00,13.00,0.03,66.00,0.14,302.00,0.63,57.00,0.1185,79.00,0.16,0.031,1.027179189,0.199044779,0.204454655
Metzger Elementary School,1140,NonCharter,10350 SW Lincoln St,Tigard,OR,97223,Tigard-Tualatin SD 23J,2242,WASHINGTON,67,-122.7712521,45.44536003,518.00,1.00,0.00,13.00,0.03,17.00,0.03,9.00,0.02,178.00,0.34,263.00,0.51,37.00,0.07143,187.00,0.36,0.013,1.106192972,0.086553893,0.095745308
Multi-sensory Instruction Teaching Children Hands-On (MITCH),3579,Charter,19550 SW 90th Court,Tualatin,OR,97062,Tigard-Tualatin SD 23J,2242,WASHINGTON,67,-122.7704978,45.37844078,244.00,1.00,0.00,14.00,0.06,0.00,0.00,4.00,0.02,30.00,0.12,160.00,0.66,35.00,0.14344,34.00,0.14,0.018,0.521063871,0.11890564,0.061957433
Tualatin Elementary School,1143,NonCharter,20405 SW 95th Ave,Tualatin,OR,97062,Tigard-Tualatin SD 23J,2242,WASHINGTON,67,-122.776386,45.37233569,396.00,2.00,0.01,7.00,0.02,10.00,0.03,2.00,0.01,141.00,0.36,207.00,0.52,27.00,0.06818,143.00,0.36,0.010,0.845661037,0.066294001,0.056062254
Boeckman Creek Primary School,1272,NonCharter,6700 SW Wilsonville Rd,Wilsonville,OR,97070,West Linn-Wilsonville SD 3J,1922,CLACKAMAS,5,-122.7453569,45.30936733,472.00,2.00,0.00,21.00,0.04,2.00,0.00,4.00,0.01,110.00,0.23,288.00,0.61,45.00,0.09534,114.00,0.24,0.042,1.175754221,0.135321632,0.15910498
Bolton Primary School,3455,NonCharter,5933 Holmes St,West Linn,OR,97068,West Linn-Wilsonville SD 3J,1922,CLACKAMAS,5,-122.6189734,45.36990392,217.00,0.00,0.00,10.00,0.05,2.00,0.01,1.00,0.00,20.00,0.09,163.00,0.75,21.00,0.09677,21.00,0.10,0.014,0.540548021,0.044593666,0.024105018
Boones Ferry Primary School,3913,NonCharter,11495 Wilsonville Rd,Wilsonville,OR,97070,West Linn-Wilsonville SD 3J,1922,CLACKAMAS,5,-122.7950488,45.3004171,500.00,1.00,0.00,11.00,0.02,7.00,0.01,6.00,0.01,118.00,0.24,304.00,0.61,53.00,0.106,124.00,0.25,0.047,1.245502353,0.154356971,0.192251971
Cedaroak Park Primary School,45,NonCharter,4515 S Cedaroak Dr,West Linn,OR,97068,West Linn-Wilsonville SD 3J,1922,CLACKAMAS,5,-122.6335152,45.38887418,343.00,0.00,0.00,7.00,0.02,2.00,0.01,1.00,0.00,34.00,0.10,265.00,0.77,34.00,0.09913,35.00,0.10,0.020,0.854414614,0.064344266,0.054976681
Lowrie Primary School,5056,NonCharter,28995 SW Brown Rd,Wilsonville,OR,97070,West Linn-Wilsonville SD 3J,1922,CLACKAMAS,5,-122.7872521,45.31057175,478.00,0.00,0.00,18.00,0.04,1.00,0.00,6.00,0.01,131.00,0.27,267.00,0.56,55.00,0.11506,137.00,0.29,0.065,1.190700249,0.210321397,0.250429739
Stafford Primary School,47,NonCharter,19875 SW Stafford Rd,West Linn,OR,97068,West Linn-Wilsonville SD 3J,1922,CLACKAMAS,5,-122.7025338,45.37772722,351.00,0.00,0.00,10.00,0.03,0.00,0.00,0.00,0.00,10.00,0.03,309.00,0.88,22.00,0.06268,10.00,0.03,0.047,0.874342652,0.153628535,0.134323981
Sunset Primary School,48,NonCharter,2351 Oxford St,West Linn,OR,97068,West Linn-Wilsonville SD 3J,1922,CLACKAMAS,5,-122.6268639,45.36136112,367.00,0.00,0.00,15.00,0.04,0.00,0.00,4.00,0.01,42.00,0.11,253.00,0.69,53.00,0.14441,46.00,0.13,0.012,0.914198727,0.039770364,0.036358016
Trillium Creek Primary School,5057,NonCharter,1025 Rosemont Rd,West Linn,OR,97068,West Linn-Wilsonville SD 3J,1922,CLACKAMAS,5,-122.651252,45.37462669,459.00,0.00,0.00,31.00,0.07,2.00,0.00,5.00,0.01,30.00,0.07,344.00,0.75,47.00,0.1024,35.00,0.08,0.039,1.14337116,0.126353583,0.144469043
Willamette Primary School,1286,NonCharter,1403 SE 12th St,West Linn,OR,97068,West Linn-Wilsonville SD 3J,1922,CLACKAMAS,5,-122.6528697,45.34313666,426.00,1.00,0.00,7.00,0.02,0.00,0.00,5.00,0.01,41.00,0.10,329.00,0.77,43.00,0.10094,46.00,0.11,0.022,1.061168004,0.071309585,0.07567145
